id,instance,class_type,number_instance,all_number_instance,contains_code,only_special_characters
18545_inp,+,inp,False,True,False,True
38726_inp,>,inp,False,False,False,True
51186_inp,â˜…â˜…â˜…â˜…â˜…,inp,False,False,False,True
51912_inp,ğŸ¥,inp,False,False,False,True
7165_out,ğŸ˜†,out,False,False,False,True
9894_out,ğŸ˜ˆ,out,False,False,False,True
14160_out,ğŸ’ƒğŸ»ğŸŒƒğŸ•ºğŸ¼,out,False,False,False,True
14550_out,:-),out,False,False,False,True
43829_out,.........................,out,False,True,False,True
49453_out,Â·Â·Â·â€“â€“â€“â€“Â·Â·Â·,out,False,False,False,True
51186_out,â˜…,out,False,False,False,True
